"site","transect","position","bagNo","round","yearStart","age","yearData","seedlingJan","intactJan","totalJan","intactOct"
"BG","III",2,1,1,2005,1,2006,6,83,89,NA
"BG","I",6,3,1,2005,1,2006,17,74,91,54
"BG","II",8,8,1,2005,1,2006,6,65,71,61
"BG","I",3,11,1,2005,1,2006,18,71,89,49
"BG","II",1,15,1,2005,1,2006,2,80,82,63
"BG","IV",3,18,1,2005,1,2006,8,92,100,81
"BG","IV",1,20,1,2005,1,2006,13,68,81,53
"BG","IV",4,25,1,2005,1,2006,7,93,100,NA
"BG","III",7,28,1,2005,1,2006,6,51,57,NA
"BG","II",5,30,1,2005,1,2006,16,64,80,60
"BR","I",7,5,1,2005,1,2006,15,85,100,70
"BR","IV",4,8,1,2005,1,2006,9,91,100,44
"BR","III",4,10,1,2005,1,2006,11,89,100,78
"BR","II",1,11,1,2005,1,2006,2,98,100,84
"BR","I",3,14,1,2005,1,2006,1,88,89,58
"BR","II",4,16,1,2005,1,2006,18,63,81,33
"BR","IV",3,19,1,2005,1,2006,15,85,100,44
"BR","III",7,23,1,2005,1,2006,11,88,99,40
"BR","III",8,24,1,2005,1,2006,13,87,100,65
"BR","II",6,25,1,2005,1,2006,4,81,85,10
"CF","III",1,8,1,2005,1,2006,12,82,94,62
"CF","III",3,9,1,2005,1,2006,11,85,96,68
"CF","II",4,12,1,2005,1,2006,3,86,89,74
"CF","IV",1,17,1,2005,1,2006,17,56,73,19
"CF","IV",3,18,1,2005,1,2006,12,80,92,17
"CF","II",3,22,1,2005,1,2006,11,62,73,56
"CF","IV",5,24,1,2005,1,2006,10,67,77,47
"CF","I",4,26,1,2005,1,2006,0,53,53,44
"CF","II",2,29,1,2005,1,2006,4,68,72,38
"CF","I",7,30,1,2005,1,2006,4,82,86,39
"CP3","I",1,3,1,2005,1,2006,8,54,62,41
"CP3","III",5,7,1,2005,1,2006,20,51,71,44
"CP3","IV",2,11,1,2005,1,2006,12,88,100,NA
"CP3","IV",3,13,1,2005,1,2006,2,98,100,79
"CP3","I",5,14,1,2005,1,2006,12,50,62,45
"CP3","IV",1,15,1,2005,1,2006,4,74,78,NA
"CP3","II",8,17,1,2005,1,2006,20,53,73,32
"CP3","III",4,19,1,2005,1,2006,16,65,81,NA
"CP3","II",2,24,1,2005,1,2006,7,77,84,63
"CP3","II",4,28,1,2005,1,2006,7,66,73,54
"DEM","I",6,2,1,2005,1,2006,11,80,91,60
"DEM","III",7,4,1,2005,1,2006,7,92,99,74
"DEM","II",7,11,1,2005,1,2006,0,55,55,51
"DEM","I",1,13,1,2005,1,2006,1,77,78,56
"DEM","I",5,14,1,2005,1,2006,7,47,54,38
"DEM","II",8,15,1,2005,1,2006,11,36,47,26
"DEM","III",3,16,1,2005,1,2006,8,40,48,28
"DEM","III",8,19,1,2005,1,2006,11,87,98,NA
"DEM","II",3,21,1,2005,1,2006,5,53,58,24
"DLW","II",3,2,1,2005,1,2006,16,70,86,57
"DLW","II",2,4,1,2005,1,2006,16,78,94,65
"DLW","V",3,6,1,2005,1,2006,11,42,53,11
"DLW","IV",6,10,1,2005,1,2006,12,46,58,21
"DLW","III",1,12,1,2005,1,2006,11,70,81,NA
"DLW","IV",5,13,1,2005,1,2006,2,68,70,44
"DLW","I",4,23,1,2005,1,2006,18,50,68,30
"DLW","V",2,24,1,2005,1,2006,20,68,88,49
"DLW","I",5,26,1,2005,1,2006,6,73,79,13
"DLW","III",5,29,1,2005,1,2006,3,69,72,59
"EC","III",5,2,1,2005,1,2006,1,7,8,5
"EC","IV",3,9,1,2005,1,2006,4,38,42,24
"EC","IV",4,11,1,2005,1,2006,1,27,28,20
"EC","IV",7,14,1,2005,1,2006,17,58,75,35
"EC","IV",6,17,1,2005,1,2006,16,82,98,55
"EC","I",5,18,1,2005,1,2006,5,38,43,NA
"EC","II",7,21,1,2005,1,2006,18,35,53,NA
"EC","II",1,23,1,2005,1,2006,10,88,98,64
"EC","III",2,24,1,2005,1,2006,8,54,62,42
"EC","II",3,25,1,2005,1,2006,10,43,53,27
"EC","I",7,27,1,2005,1,2006,2,38,40,22
"FR","I",2,1,1,2005,1,2006,16,64,80,34
"FR","IV",1,4,1,2005,1,2006,6,34,40,26
"FR","II",7,7,1,2005,1,2006,13,64,77,51
"FR","I",6,8,1,2005,1,2006,12,71,83,37
"FR","II",6,12,1,2005,1,2006,17,66,83,NA
"FR","I",5,15,1,2005,1,2006,15,76,91,49
"FR","II",4,27,1,2005,1,2006,6,94,100,88
"FR","IV",7,28,1,2005,1,2006,0,66,66,44
"FR","I",4,29,1,2005,1,2006,18,59,77,35
"FR","III",1,30,1,2005,1,2006,13,62,75,38
"GCN","III",6,1,1,2005,1,2006,17,4,21,4
"GCN","IV",4,3,1,2005,1,2006,15,37,52,25
"GCN","IV",2,4,1,2005,1,2006,6,40,46,25
"GCN","I",4,5,1,2005,1,2006,6,9,15,6
"GCN","I",1,8,1,2005,1,2006,9,10,19,8
"GCN","III",2,13,1,2005,1,2006,8,15,23,7
"GCN","II",6,20,1,2005,1,2006,1,23,24,20
"GCN","III",5,23,1,2005,1,2006,10,37,47,28
"GCN","II",2,27,1,2005,1,2006,3,19,22,4
"GCN","IV",8,29,1,2005,1,2006,10,74,84,25
"KYE","III",6,1,1,2005,1,2006,0,58,58,55
"KYE","I",3,3,1,2005,1,2006,20,71,91,56
"KYE","I",1,5,1,2005,1,2006,18,69,87,55
"KYE","II",6,8,1,2005,1,2006,10,36,46,36
"KYE","II",1,12,1,2005,1,2006,1,15,16,9
"KYE","IV",5,15,1,2005,1,2006,11,67,78,47
"KYE","I",6,19,1,2005,1,2006,18,63,81,44
"KYE","IV",2,20,1,2005,1,2006,14,63,77,52
"KYE","II",8,26,1,2005,1,2006,5,95,100,74
"KYE","III",2,27,1,2005,1,2006,11,11,22,8
"LCE","III",1,3,1,2005,1,2006,15,79,94,25
"LCE","II",6,6,1,2005,1,2006,11,72,83,54
"LCE","III",3,7,1,2005,1,2006,18,49,67,38
"LCE","I",4,8,1,2005,1,2006,16,18,34,3
"LCE","II",4,9,1,2005,1,2006,12,53,65,15
"LCE","I",2,12,1,2005,1,2006,17,83,100,59
"LCE","IV",4,14,1,2005,1,2006,20,46,66,6
"LCE","I",6,15,1,2005,1,2006,7,81,88,70
"LCE","III",8,19,1,2005,1,2006,1,46,47,12
"LCE","IV",7,24,1,2005,1,2006,12,68,80,8
"LCW","III",7,1,1,2005,1,2006,11,46,57,41
"LCW","III",8,5,1,2005,1,2006,7,75,82,31
"LCW","I",2,6,1,2005,1,2006,14,86,100,54
"LCW","I",5,8,1,2005,1,2006,14,80,94,34
"LCW","IV",3,14,1,2005,1,2006,6,19,25,13
"LCW","I",1,15,1,2005,1,2006,15,62,77,37
"LCW","II",1,17,1,2005,1,2006,5,95,100,89
"LCW","III",4,26,1,2005,1,2006,4,64,68,32
"LCW","IV",7,27,1,2005,1,2006,13,66,79,61
"LCW","II",5,28,1,2005,1,2006,14,46,60,24
"LO","I",4,2,1,2005,1,2006,10,90,100,42
"LO","I",3,3,1,2005,1,2006,17,83,100,53
"LO","II",4,5,1,2005,1,2006,16,71,87,31
"LO","I",7,6,1,2005,1,2006,15,71,86,71
"LO","IV",3,8,1,2005,1,2006,1,60,61,24
"LO","II",1,9,1,2005,1,2006,1,76,77,24
"LO","III",1,12,1,2005,1,2006,4,83,87,58
"LO","IV",8,14,1,2005,1,2006,11,89,100,69
"LO","IV",6,17,1,2005,1,2006,13,75,88,52
"LO","III",4,22,1,2005,1,2006,3,82,85,67
"MC","II",8,3,1,2005,1,2006,6,74,80,15
"MC","II",5,4,1,2005,1,2006,16,54,70,42
"MC","II",6,5,1,2005,1,2006,12,65,77,57
"MC","I",4,7,1,2005,1,2006,4,52,56,52
"MC","III",2,15,1,2005,1,2006,18,72,90,72
"MC","I",1,17,1,2005,1,2006,1,45,46,42
"MC","IV",7,28,1,2005,1,2006,2,10,12,4
"MC","IV",3,29,1,2005,1,2006,16,84,100,76
"MC","IV",2,30,1,2005,1,2006,12,44,56,19
"OKRE","II",3,1,1,2005,1,2006,16,64,80,55
"OKRE","II",1,5,1,2005,1,2006,20,58,78,39
"OKRE","I",4,6,1,2005,1,2006,6,70,76,62
"OKRE","III",7,9,1,2005,1,2006,6,92,98,29
"OKRE","III",6,10,1,2005,1,2006,8,75,83,33
"OKRE","III",8,11,1,2005,1,2006,2,91,93,77
"OKRE","IV",2,14,1,2005,1,2006,5,72,77,14
"OKRE","IV",4,15,1,2005,1,2006,6,83,89,68
"OKRE","I",1,20,1,2005,1,2006,8,61,69,51
"OKRE","I",6,21,1,2005,1,2006,7,74,81,65
"OKRW","IV",4,4,1,2005,1,2006,8,25,33,17
"OKRW","II",6,9,1,2005,1,2006,5,92,97,80
"OKRW","III",7,10,1,2005,1,2006,9,86,95,66
"OKRW","IV",1,11,1,2005,1,2006,2,94,96,63
"OKRW","II",2,15,1,2005,1,2006,2,37,39,8
"OKRW","I",2,16,1,2005,1,2006,2,94,96,68
"OKRW","I",1,18,1,2005,1,2006,5,92,97,71
"OKRW","I",3,25,1,2005,1,2006,6,86,92,60
"OKRW","II",3,29,1,2005,1,2006,14,33,47,4
"OKRW","III",2,30,1,2005,1,2006,8,39,47,28
"OSR","I",5,1,1,2005,1,2006,14,25,39,10
"OSR","II",2,2,1,2005,1,2006,11,22,33,13
"OSR","III",1,6,1,2005,1,2006,15,85,100,79
"OSR","IV",3,12,1,2005,1,2006,7,31,38,23
"OSR","II",3,14,1,2005,1,2006,20,37,57,10
"OSR","III",8,15,1,2005,1,2006,8,53,61,20
"OSR","IV",4,20,1,2005,1,2006,0,16,16,12
"OSR","III",3,22,1,2005,1,2006,8,7,15,5
"OSR","I",8,27,1,2005,1,2006,11,6,17,2
"OSR","I",7,28,1,2005,1,2006,0,49,49,13
"S22","IV",7,3,1,2005,1,2006,19,59,78,59
"S22","IV",5,5,1,2005,1,2006,2,38,40,35
"S22","III",5,8,1,2005,1,2006,11,85,96,85
"S22","III",4,9,1,2005,1,2006,16,77,93,62
"S22","III",2,10,1,2005,1,2006,20,55,75,49
"S22","II",3,19,1,2005,1,2006,3,49,52,43
"S22","II",7,22,1,2005,1,2006,12,27,39,20
"S22","I",5,24,1,2005,1,2006,19,73,92,56
"S22","I",2,28,1,2005,1,2006,16,43,59,NA
"S22","I",8,30,1,2005,1,2006,0,48,48,31
"SM","IV",3,5,1,2005,1,2006,14,76,90,60
"SM","IV",2,9,1,2005,1,2006,14,48,62,37
"SM","III",7,15,1,2005,1,2006,19,25,44,NA
"SM","III",3,18,1,2005,1,2006,4,58,62,31
"SM","I",1,20,1,2005,1,2006,18,48,66,42
"SM","II",3,21,1,2005,1,2006,9,48,57,10
"SM","I",4,25,1,2005,1,2006,5,66,71,60
"SM","II",1,28,1,2005,1,2006,13,66,79,55
"SM","IV",7,29,1,2005,1,2006,16,68,84,51
"SM","III",1,31,1,2005,1,2006,4,27,31,9
"URS","II",1,6,1,2005,1,2006,3,50,53,36
"URS","I",7,7,1,2005,1,2006,16,64,80,64
"URS","IV",8,11,1,2005,1,2006,14,73,87,NA
"URS","IV",7,12,1,2005,1,2006,4,78,82,NA
"URS","II",2,15,1,2005,1,2006,10,67,77,44
"URS","IV",3,17,1,2005,1,2006,13,35,48,17
"URS","III",3,23,1,2005,1,2006,20,74,94,61
"URS","III",2,25,1,2005,1,2006,0,79,79,52
"URS","I",4,27,1,2005,1,2006,19,66,85,NA
"URS","II",7,28,1,2005,1,2006,0,78,78,50
"BG","II",3,5,1,2005,2,2007,16,34,50,31
"BG","I",4,6,1,2005,2,2007,0,60,60,54
"BG","IV",6,9,1,2005,2,2007,6,15,21,NA
"BG","I",5,12,1,2005,2,2007,4,51,55,51
"BG","IV",5,14,1,2005,2,2007,3,6,9,6
"BG","III",3,19,1,2005,2,2007,59,31,90,31
"BG","I",2,23,1,2005,2,2007,54,8,62,3
"BR","I",4,1,1,2005,2,2007,8,15,23,15
"BR","IV",7,3,1,2005,2,2007,3,83,86,59
"BR","IV",6,6,1,2005,2,2007,17,42,59,28
"BR","I",5,9,1,2005,2,2007,27,34,61,28
"BR","III",1,18,1,2005,2,2007,6,75,81,46
"BR","II",5,21,1,2005,2,2007,0,17,17,9
"BR","II",7,26,1,2005,2,2007,7,70,77,55
"BR","I",2,28,1,2005,2,2007,8,68,76,51
"BR","III",5,30,1,2005,2,2007,3,25,28,14
"CF","IV",2,1,1,2005,2,2007,2,35,37,26
"CF","III",5,2,1,2005,2,2007,4,75,79,68
"CF","III",4,3,1,2005,2,2007,29,45,74,42
"CF","II",6,5,1,2005,2,2007,8,80,88,73
"CF","I",1,10,1,2005,2,2007,4,25,29,25
"CF","III",2,11,1,2005,2,2007,0,60,60,56
"CF","II",7,15,1,2005,2,2007,16,41,57,34
"CF","I",3,16,1,2005,2,2007,2,73,75,49
"CF","IV",8,25,1,2005,2,2007,2,69,71,58
"CF","IV",6,27,1,2005,2,2007,18,38,56,32
"CP3","I",6,2,1,2005,2,2007,0,27,27,6
"CP3","II",5,4,1,2005,2,2007,2,79,81,78
"CP3","III",1,9,1,2005,2,2007,0,6,6,0
"CP3","IV",4,12,1,2005,2,2007,8,67,75,57
"CP3","I",4,18,1,2005,2,2007,18,55,73,49
"CP3","II",6,20,1,2005,2,2007,0,82,82,73
"CP3","IV",6,21,1,2005,2,2007,0,52,52,20
"CP3","III",6,25,1,2005,2,2007,18,6,24,6
"CP3","II",3,29,1,2005,2,2007,0,90,90,85
"DEM","III",1,5,1,2005,2,2007,2,68,70,50
"DEM","II",6,7,1,2005,2,2007,9,29,38,21
"DEM","II",1,9,1,2005,2,2007,12,19,31,11
"DEM","I",7,10,1,2005,2,2007,5,28,33,18
"DEM","II",2,12,1,2005,2,2007,2,9,11,0
"DEM","III",2,17,1,2005,2,2007,0,63,63,63
"DEM","III",5,20,1,2005,2,2007,4,77,81,41
"DLW","V",5,1,1,2005,2,2007,20,22,42,19
"DLW","III",2,11,1,2005,2,2007,22,17,39,13
"DLW","III",6,14,1,2005,2,2007,2,29,31,24
"DLW","V",6,16,1,2005,2,2007,5,16,21,11
"DLW","IV",2,18,1,2005,2,2007,26,25,51,12
"DLW","I",6,25,1,2005,2,2007,3,65,68,61
"DLW","II",1,27,1,2005,2,2007,20,11,31,11
"DLW","II",4,30,1,2005,2,2007,12,7,19,5
"EC","I",6,3,1,2005,2,2007,2,40,42,34
"EC","II",5,4,1,2005,2,2007,6,20,26,16
"EC","I",4,6,1,2005,2,2007,11,9,20,3
"EC","IV",2,8,1,2005,2,2007,30,28,58,21
"EC","IV",8,12,1,2005,2,2007,0,28,28,25
"EC","III",7,19,1,2005,2,2007,20,40,60,33
"EC","III",4,28,1,2005,2,2007,14,32,46,29
"EC","II",4,29,1,2005,2,2007,17,26,43,18
"FR","II",2,2,1,2005,2,2007,30,33,63,31
"FR","II",3,3,1,2005,2,2007,27,37,64,35
"FR","II",1,5,1,2005,2,2007,20,9,29,9
"FR","III",4,10,1,2005,2,2007,2,31,33,27
"FR","IV",8,17,1,2005,2,2007,0,67,67,65
"FR","III",3,19,1,2005,2,2007,0,13,13,6
"FR","I",7,21,1,2005,2,2007,1,56,57,48
"FR","III",5,26,1,2005,2,2007,27,24,51,23
"GCN","I",6,6,1,2005,2,2007,30,31,61,25
"GCN","IV",7,11,1,2005,2,2007,23,49,72,39
"GCN","III",4,12,1,2005,2,2007,6,62,68,54
"GCN","IV",3,18,1,2005,2,2007,2,17,19,16
"GCN","II",5,21,1,2005,2,2007,1,23,24,20
"GCN","I",2,22,1,2005,2,2007,28,31,59,29
"GCN","IV",5,24,1,2005,2,2007,14,79,93,57
"GCN","III",7,25,1,2005,2,2007,0,11,11,10
"GCN","II",7,26,1,2005,2,2007,2,5,7,4
"KYE","III",4,2,1,2005,2,2007,9,64,73,37
"KYE","IV",3,7,1,2005,2,2007,2,65,67,37
"KYE","II",7,10,1,2005,2,2007,0,76,76,59
"KYE","IV",6,13,1,2005,2,2007,4,17,21,9
"KYE","IV",7,14,1,2005,2,2007,0,60,60,50
"KYE","I",5,16,1,2005,2,2007,2,50,52,47
"KYE","II",5,18,1,2005,2,2007,10,43,53,39
"KYE","III",5,22,1,2005,2,2007,16,36,52,16
"KYE","III",3,23,1,2005,2,2007,5,41,46,NA
"KYE","I",4,30,1,2005,2,2007,6,71,77,68
"LCE","IV",6,13,1,2005,2,2007,0,1,1,1
"LCE","II",5,16,1,2005,2,2007,3,25,28,20
"LCE","II",7,17,1,2005,2,2007,1,51,52,48
"LCE","III",7,18,1,2005,2,2007,0,12,12,4
"LCE","I",1,23,1,2005,2,2007,1,18,19,15
"LCE","III",5,25,1,2005,2,2007,3,26,29,19
"LCE","IV",5,26,1,2005,2,2007,2,34,36,20
"LCE","IV",1,29,1,2005,2,2007,0,34,34,20
"LCE","I",5,30,1,2005,2,2007,0,63,63,36
"LCW","III",6,3,1,2005,2,2007,0,5,5,5
"LCW","II",3,4,1,2005,2,2007,5,39,44,38
"LCW","III",1,10,1,2005,2,2007,3,45,48,40
"LCW","IV",6,12,1,2005,2,2007,0,1,1,0
"LCW","IV",1,16,1,2005,2,2007,7,26,33,21
"LCW","II",2,19,1,2005,2,2007,0,42,42,36
"LCW","IV",2,20,1,2005,2,2007,0,50,50,50
"LCW","II",7,22,1,2005,2,2007,2,6,8,6
"LCW","I",6,29,1,2005,2,2007,8,42,50,42
"LO","I",1,4,1,2005,2,2007,7,17,24,15
"LO","I",2,15,1,2005,2,2007,1,29,30,6
"LO","IV",7,16,1,2005,2,2007,3,7,10,6
"LO","IV",5,18,1,2005,2,2007,7,35,42,34
"LO","III",7,21,1,2005,2,2007,7,3,10,0
"LO","III",5,23,1,2005,2,2007,18,12,30,3
"LO","III",6,24,1,2005,2,2007,0,64,64,55
"LO","II",3,25,1,2005,2,2007,11,26,37,17
"LO","IV",4,27,1,2005,2,2007,5,28,33,26
"LO","II",6,29,1,2005,2,2007,8,23,31,19
"MC","III",6,2,1,2005,2,2007,2,58,60,55
"MC","II",4,11,1,2005,2,2007,0,89,89,79
"MC","I",2,12,1,2005,2,2007,2,83,85,80
"MC","III",1,14,1,2005,2,2007,12,43,55,35
"MC","II",1,19,1,2005,2,2007,3,21,24,17
"MC","II",2,21,1,2005,2,2007,29,34,63,31
"MC","IV",1,23,1,2005,2,2007,21,56,77,54
"MC","III",4,26,1,2005,2,2007,2,35,37,28
"OKRE","III",1,2,1,2005,2,2007,2,20,22,19
"OKRE","II",2,4,1,2005,2,2007,20,9,29,7
"OKRE","III",2,8,1,2005,2,2007,17,32,49,32
"OKRE","II",6,12,1,2005,2,2007,NA,NA,NA,86
"OKRE","II",5,17,1,2005,2,2007,8,38,46,25
"OKRE","I",5,19,1,2005,2,2007,26,31,57,30
"OKRE","I",3,22,1,2005,2,2007,3,59,62,49
"OKRE","IV",1,27,1,2005,2,2007,5,65,70,58
"OKRE","IV",7,28,1,2005,2,2007,8,83,91,78
"OKRE","IV",6,29,1,2005,2,2007,0,11,11,8
"OKRW","IV",6,1,1,2005,2,2007,9,9,18,NA
"OKRW","IV",5,2,1,2005,2,2007,7,68,75,64
"OKRW","II",7,6,1,2005,2,2007,1,97,98,93
"OKRW","IV",3,13,1,2005,2,2007,0,13,13,7
"OKRW","I",4,17,1,2005,2,2007,26,4,30,2
"OKRW","III",5,19,1,2005,2,2007,17,29,46,23
"OKRW","III",6,20,1,2005,2,2007,15,11,26,10
"OKRW","II",4,21,1,2005,2,2007,4,7,11,5
"OKRW","I",6,26,1,2005,2,2007,2,32,34,32
"OKRW","I",8,27,1,2005,2,2007,5,5,10,5
"OSR","I",6,3,1,2005,2,2007,6,22,28,17
"OSR","III",6,7,1,2005,2,2007,0,4,4,4
"OSR","IV",7,10,1,2005,2,2007,0,8,8,7
"OSR","I",3,17,1,2005,2,2007,16,47,63,44
"OSR","IV",6,18,1,2005,2,2007,9,10,19,8
"OSR","IV",2,23,1,2005,2,2007,6,21,27,20
"OSR","III",2,25,1,2005,2,2007,3,31,34,26
"OSR","III",5,30,1,2005,2,2007,0,16,16,16
"S22","IV",6,1,1,2005,2,2007,8,25,33,25
"S22","IV",4,2,1,2005,2,2007,3,31,34,25
"S22","IV",3,7,1,2005,2,2007,2,47,49,47
"S22","III",1,11,1,2005,2,2007,2,5,7,5
"S22","II",1,17,1,2005,2,2007,6,35,41,35
"S22","II",5,20,1,2005,2,2007,1,33,34,32
"S22","I",7,25,1,2005,2,2007,9,26,35,24
"S22","I",4,26,1,2005,2,2007,10,16,26,13
"SM","II",5,3,1,2005,2,2007,19,39,58,29
"SM","IV",5,6,1,2005,2,2007,25,37,62,29
"SM","I",7,7,1,2005,2,2007,3,24,27,22
"SM","I",3,11,1,2005,2,2007,19,23,42,18
"SM","II",4,12,1,2005,2,2007,18,42,60,27
"SM","III",5,16,1,2005,2,2007,27,27,54,17
"SM","III",8,19,1,2005,2,2007,2,76,78,60
"SM","IV",6,27,1,2005,2,2007,0,36,36,13
"URS","II",5,2,1,2005,2,2007,14,3,17,1
"URS","II",6,3,1,2005,2,2007,0,2,2,2
"URS","III",5,13,1,2005,2,2007,12,42,54,34
"URS","III",4,16,1,2005,2,2007,5,17,22,12
"URS","IV",1,26,1,2005,2,2007,6,23,29,7
"BG","II",2,2,1,2005,3,2008,0,2,2,NA
"BG","I",1,10,1,2005,3,2008,0,21,21,NA
"BG","IV",2,16,1,2005,3,2008,0,16,16,3
"BG","I",7,24,1,2005,3,2008,8,32,40,7
"BG","II",7,27,1,2005,3,2008,0,27,27,13
"BR","IV",1,2,1,2005,3,2008,0,7,7,3
"BR","I",6,4,1,2005,3,2008,0,9,9,9
"BR","IV",5,7,1,2005,3,2008,0,3,3,1
"BR","I",1,12,1,2005,3,2008,0,66,66,45
"BR","III",3,13,1,2005,3,2008,0,44,44,36
"BR","II",2,15,1,2005,3,2008,3,60,63,28
"BR","II",3,17,1,2005,3,2008,10,0,10,NA
"BR","IV",2,20,1,2005,3,2008,2,17,19,9
"BR","III",6,22,1,2005,3,2008,6,6,12,3
"BR","II",8,27,1,2005,3,2008,0,78,78,44
"CF","III",6,4,1,2005,3,2008,9,1,10,1
"CF","IV",4,6,1,2005,3,2008,10,8,18,7
"CF","III",7,7,1,2005,3,2008,8,40,48,19
"CF","I",2,13,1,2005,3,2008,0,16,16,6
"CF","I",6,14,1,2005,3,2008,6,3,9,1
"CF","IV",7,19,1,2005,3,2008,5,10,15,5
"CF","II",8,20,1,2005,3,2008,8,20,28,7
"CF","II",1,21,1,2005,3,2008,5,8,13,7
"CF","II",5,23,1,2005,3,2008,15,44,59,34
"CF","I",5,28,1,2005,3,2008,0,28,28,2
"CP3","III",2,1,1,2005,3,2008,13,8,21,7
"CP3","III",7,6,1,2005,3,2008,0,12,12,12
"CP3","IV",8,10,1,2005,3,2008,2,2,4,2
"CP3","II",7,107,1,2005,3,2008,1,2,3,2
"CP3","IV",5,22,1,2005,3,2008,0,46,46,46
"CP3","I",2,26,1,2005,3,2008,2,14,16,13
"CP3","I",7,27,1,2005,3,2008,0,5,5,5
"DEM","III",6,1,1,2005,3,2008,3,20,23,16
"DEM","II",5,3,1,2005,3,2008,2,18,20,16
"DEM","I",2,6,1,2005,3,2008,0,3,3,2
"DEM","III",4,18,1,2005,3,2008,0,5,5,0
"DEM","I",8,22,1,2005,3,2008,0,8,8,5
"DEM","II",4,24,1,2005,3,2008,0,8,8,8
"DLW","III",3,3,1,2005,3,2008,0,40,40,37
"DLW","III",4,7,1,2005,3,2008,0,12,12,10
"DLW","I",3,8,1,2005,3,2008,0,12,12,12
"DLW","V",4,15,1,2005,3,2008,0,9,9,8
"DLW","II",5,19,1,2005,3,2008,0,10,10,9
"DLW","V",1,22,1,2005,3,2008,2,18,20,16
"EC","I",3,7,1,2005,3,2008,1,3,4,3
"EC","I",2,10,1,2005,3,2008,0,21,21,15
"EC","IV",1,13,1,2005,3,2008,20,2,22,1
"EC","IV",5,15,1,2005,3,2008,0,9,9,8
"EC","III",1,16,1,2005,3,2008,2,5,7,2
"EC","II",8,22,1,2005,3,2008,1,1,2,0
"EC","III",3,26,1,2005,3,2008,4,3,7,3
"EC","III",6,30,1,2005,3,2008,8,2,10,0
"FR","II",6,6,1,2005,3,2008,NA,NA,NA,34
"FR","I",3,9,1,2005,3,2008,0,10,10,NA
"FR","I",1,11,1,2005,3,2008,0,7,7,4
"FR","II",5,20,1,2005,3,2008,0,9,9,5
"FR","III",7,22,1,2005,3,2008,2,23,25,16
"FR","II",8,23,1,2005,3,2008,0,3,3,NA
"GCN","IV",1,2,1,2005,3,2008,6,15,21,12
"GCN","III",1,9,1,2005,3,2008,8,22,30,14
"GCN","IV",6,10,1,2005,3,2008,0,47,47,47
"GCN","III",3,14,1,2005,3,2008,0,32,32,21
"GCN","II",7,15,1,2005,3,2008,NA,NA,NA,56
"GCN","II",4,17,1,2005,3,2008,9,4,13,2
"GCN","I",7,19,1,2005,3,2008,1,24,25,24
"KYE","I",7,4,1,2005,3,2008,18,55,73,41
"KYE","III",1,6,1,2005,3,2008,0,3,3,1
"KYE","IV",4,9,1,2005,3,2008,2,72,74,43
"KYE","II",3,11,1,2005,3,2008,0,68,68,45
"KYE","I",8,17,1,2005,3,2008,0,77,77,62
"KYE","III",7,21,1,2005,3,2008,10,4,14,3
"KYE","I",2,25,1,2005,3,2008,0,83,83,83
"KYE","II",4,28,1,2005,3,2008,0,28,28,26
"KYE","II",2,29,1,2005,3,2008,1,2,3,1
"LCE","II",1,1,1,2005,3,2008,1,24,25,24
"LCE","III",6,2,1,2005,3,2008,NA,NA,NA,38
"LCE","III",1,103,1,2005,3,2008,0,79,79,73
"LCE","IV",3,4,1,2005,3,2008,0,5,5,2
"LCE","II",3,10,1,2005,3,2008,0,27,27,27
"LCE","III",2,11,1,2005,3,2008,0,2,2,1
"LCE","I",7,20,1,2005,3,2008,2,9,11,6
"LCE","I",3,22,1,2005,3,2008,0,9,9,8
"LCE","II",2,27,1,2005,3,2008,0,12,12,9
"LCW","III",2,2,1,2005,3,2008,0,2,2,NA
"LCW","I",8,7,1,2005,3,2008,0,16,16,16
"LCW","IV",5,11,1,2005,3,2008,0,7,7,7
"LCW","IV",4,13,1,2005,3,2008,8,7,15,5
"LCW","III",5,18,1,2005,3,2008,0,1,1,0
"LCW","I",7,21,1,2005,3,2008,4,1,5,0
"LCW","II",6,25,1,2005,3,2008,2,12,14,6
"LCW","II",4,30,1,2005,3,2008,2,3,5,3
"LCW","I",4,100,1,2005,3,2008,0,13,13,9
"LO","II",5,1,1,2005,3,2008,0,4,4,4
"LO","I",8,7,1,2005,3,2008,2,5,7,1
"LO","II",2,10,1,2005,3,2008,0,45,45,41
"LO","III",2,13,1,2005,3,2008,0,15,15,12
"LO","I",5,19,1,2005,3,2008,0,25,25,20
"LO","IV",1,20,1,2005,3,2008,2,43,45,37
"LO","I",6,26,1,2005,3,2008,0,5,5,5
"LO","IV",2,28,1,2005,3,2008,0,5,5,3
"LO","II",7,30,1,2005,3,2008,0,9,9,9
"MC","III",7,1,1,2005,3,2008,0,6,6,3
"MC","II",7,6,1,2005,3,2008,0,16,16,11
"MC","I",5,9,1,2005,3,2008,0,45,45,34
"MC","I",6,10,1,2005,3,2008,0,4,4,3
"MC","III",3,16,1,2005,3,2008,0,3,3,2
"MC","I",3,18,1,2005,3,2008,0,3,3,3
"MC","II",3,20,1,2005,3,2008,2,2,4,1
"MC","IV",5,22,1,2005,3,2008,0,10,10,8
"MC","IV",4,27,1,2005,3,2008,0,20,20,17
"OKRE","II",4,3,1,2005,3,2008,17,7,24,7
"OKRE","III",4,7,1,2005,3,2008,33,11,44,9
"OKRE","III",5,13,1,2005,3,2008,16,27,43,25
"OKRE","IV",3,16,1,2005,3,2008,10,21,31,17
"OKRE","II",7,18,1,2005,3,2008,5,38,43,24
"OKRE","I",2,23,1,2005,3,2008,7,8,15,7
"OKRE","III",3,24,1,2005,3,2008,2,36,38,35
"OKRE","I",8,26,1,2005,3,2008,0,12,12,11
"OKRE","IV",5,30,1,2005,3,2008,7,40,47,40
"OKRW","II",8,3,1,2005,3,2008,1,10,11,9
"OKRW","IV",7,5,1,2005,3,2008,23,NA,NA,23
"OKRW","III",4,7,1,2005,3,2008,3,3,6,1
"OKRW","II",5,8,1,2005,3,2008,1,4,5,2
"OKRW","II",1,14,1,2005,3,2008,0,3,3,3
"OKRW","III",1,22,1,2005,3,2008,0,9,9,8
"OKRW","I",7,24,1,2005,3,2008,3,26,29,5
"OKRW","I",5,28,1,2005,3,2008,0,6,6,5
"OSR","I",4,4,1,2005,3,2008,0,2,2,1
"OSR","II",5,5,1,2005,3,2008,0,1,1,1
"OSR","II",6,8,1,2005,3,2008,7,8,15,8
"OSR","III",4,9,1,2005,3,2008,1,7,8,6
"OSR","I",2,11,1,2005,3,2008,1,9,10,8
"OSR","IV",5,13,1,2005,3,2008,0,3,3,2
"OSR","II",4,19,1,2005,3,2008,0,4,4,3
"OSR","IV",1,21,1,2005,3,2008,0,4,4,3
"OSR","III",7,29,1,2005,3,2008,0,23,23,20
"S22","IV",2,6,1,2005,3,2008,17,33,50,24
"S22","III",8,12,1,2005,3,2008,4,15,19,8
"S22","III",6,14,1,2005,3,2008,18,12,30,8
"S22","III",3,15,1,2005,3,2008,10,30,40,30
"S22","II",2,16,1,2005,3,2008,0,53,53,45
"S22","II",4,18,1,2005,3,2008,0,34,34,34
"S22","II",6,21,1,2005,3,2008,2,7,9,6
"S22","IV",1,31,1,2005,3,2008,16,51,67,13
"SM","II",6,1,1,2005,3,2008,0,14,14,14
"SM","I",NA,2,1,2005,3,2008,NA,NA,NA,82
"SM","I",5,103,1,2005,3,2008,2,33,35,16
"SM","II",2,4,1,2005,3,2008,2,65,67,57
"SM","IV",1,8,1,2005,3,2008,0,24,24,14
"SM","III",4,14,1,2005,3,2008,3,28,31,26
"SM","I",6,17,1,2005,3,2008,0,33,33,25
"SM","III",2,22,1,2005,3,2008,0,20,20,13
"SM","IV",4,23,1,2005,3,2008,0,29,29,10
"SM","I",2,24,1,2005,3,2008,21,7,28,NA
"SM","IV",8,26,1,2005,3,2008,6,49,55,26
"URS","II",8,5,1,2005,3,2008,NA,NA,NA,58
"URS","I",5,8,1,2005,3,2008,1,6,7,4
"URS","IV",4,10,1,2005,3,2008,0,5,5,5
"URS","III",7,20,1,2005,3,2008,0,14,14,10
"BG","I",6,41,2,2006,1,2007,7,63,70,58
"BG","II",1,42,2,2006,1,2007,26,54,80,50
"BG","III",2,45,2,2006,1,2007,12,71,83,34
"BG","IV",4,49,2,2006,1,2007,3,90,93,89
"BG","V",1,50,2,2006,1,2007,5,90,95,83
"BG","V",2,51,2,2006,1,2007,2,87,89,73
"BG","V",3,52,2,2006,1,2007,19,54,73,53
"BG","VI",3,57,2,2006,1,2007,0,69,69,68
"BG","VI",4,58,2,2006,1,2007,10,82,92,70
"BG","VI",5,59,2,2006,1,2007,7,75,82,63
"BR","I",3,40,2,2006,1,2007,17,76,93,74
"BR","II",6,44,2,2006,1,2007,11,82,93,78
"BR","III",8,47,2,2006,1,2007,9,90,99,82
"BR","IV",4,49,2,2006,1,2007,3,96,99,93
"BR","V",1,50,2,2006,1,2007,7,88,95,68
"BR","V",3,52,2,2006,1,2007,29,67,96,64
"BR","V",4,53,2,2006,1,2007,17,69,86,60
"BR","VI",2,56,2,2006,1,2007,5,93,98,85
"BR","VI",3,57,2,2006,1,2007,7,84,91,19
"BR","VI",5,59,2,2006,1,2007,0,93,93,87
"CF","I",4,40,2,2006,1,2007,0,97,97,95
"CF","II",2,42,2,2006,1,2007,2,87,89,87
"CF","III",1,45,2,2006,1,2007,5,86,91,86
"CF","IV",3,48,2,2006,1,2007,17,67,84,64
"CF","V",1,50,2,2006,1,2007,0,95,95,95
"CF","V",2,51,2,2006,1,2007,4,88,92,87
"CF","V",5,54,2,2006,1,2007,0,72,72,65
"CF","VI",1,55,2,2006,1,2007,3,96,99,95
"CF","VI",3,57,2,2006,1,2007,9,91,100,78
"CF","VI",5,59,2,2006,1,2007,4,95,99,94
"CP3","I",5,41,2,2006,1,2007,24,55,79,39
"CP3","II",8,44,2,2006,1,2007,59,34,93,26
"CP3","III",4,45,2,2006,1,2007,1,92,93,92
"CP3","IV",3,49,2,2006,1,2007,3,90,93,90
"CP3","V",3,52,2,2006,1,2007,14,80,94,77
"CP3","V",4,53,2,2006,1,2007,5,86,91,84
"CP3","V",5,54,2,2006,1,2007,24,71,95,60
"CP3","VI",1,55,2,2006,1,2007,8,91,99,87
"CP3","VI",3,57,2,2006,1,2007,6,90,96,85
"CP3","VI",5,59,2,2006,1,2007,2,90,92,88
"DEM","I",1,40,2,2006,1,2007,4,90,94,60
"DEM","II",7,44,2,2006,1,2007,5,91,96,76
"DEM","II",8,45,2,2006,1,2007,4,92,96,86
"DEM","III",7,47,2,2006,1,2007,3,87,90,85
"DEM","IV",6,49,2,2006,1,2007,2,98,100,77
"DEM","IV",3,52,2,2006,1,2007,3,94,97,91
"DEM","IV",5,54,2,2006,1,2007,7,92,99,70
"DEM","V",1,55,2,2006,1,2007,9,88,97,82
"DEM","V",3,57,2,2006,1,2007,27,70,97,38
"DEM","V",5,59,2,2006,1,2007,14,74,88,NA
"DLW","I",4,40,2,2006,1,2007,2,81,83,74
"DLW","II",3,42,2,2006,1,2007,0,97,97,70
"DLW","III",1,44,2,2006,1,2007,3,91,94,90
"DLW","IV",5,46,2,2006,1,2007,1,97,98,94
"DLW","V",3,49,2,2006,1,2007,13,79,92,79
"DLW","VI",1,50,2,2006,1,2007,32,66,98,63
"DLW","VI",3,52,2,2006,1,2007,13,80,93,78
"DLW","VII",1,55,2,2006,1,2007,1,94,95,93
"DLW","VII",2,56,2,2006,1,2007,2,92,94,89
"EC","I",5,40,2,2006,1,2007,3,89,92,82
"EC","II",1,42,2,2006,1,2007,NA,NA,NA,67
"EC","III",2,45,2,2006,1,2007,29,55,84,52
"EC","IV",3,47,2,2006,1,2007,3,96,99,50
"EC","V",1,50,2,2006,1,2007,32,56,88,51
"EC","V",2,51,2,2006,1,2007,10,88,98,75
"EC","V",5,54,2,2006,1,2007,24,62,86,58
"EC","VI",2,56,2,2006,1,2007,11,76,87,74
"EC","VI",4,58,2,2006,1,2007,6,70,76,59
"EC","VI",5,59,2,2006,1,2007,2,91,93,88
"FR","I",2,40,2,2006,1,2007,7,84,91,80
"FR","II",7,44,2,2006,1,2007,7,41,48,37
"FR","IV",1,46,2,2006,1,2007,8,81,89,81
"FR","V",1,50,2,2006,1,2007,6,84,90,81
"FR","V",3,52,2,2006,1,2007,NA,NA,NA,81
"FR","V",5,54,2,2006,1,2007,1,97,98,87
"FR","VI",1,55,2,2006,1,2007,1,91,92,88
"FR","VI",4,58,2,2006,1,2007,5,90,95,NA
"FR","VI",5,59,2,2006,1,2007,1,91,92,86
"GCN","I",1,40,2,2006,1,2007,36,25,61,25
"GCN","II",2,42,2,2006,1,2007,31,61,92,53
"GCN","III",6,46,2,2006,1,2007,50,43,93,32
"GCN","IV",4,48,2,2006,1,2007,10,78,88,43
"GCN","V",1,50,2,2006,1,2007,20,45,65,39
"GCN","V",4,53,2,2006,1,2007,14,69,83,67
"GCN","V",5,54,2,2006,1,2007,9,79,88,41
"GCN","VI",1,55,2,2006,1,2007,2,64,66,61
"GCN","VI",2,56,2,2006,1,2007,21,63,84,53
"GCN","VI",4,58,2,2006,1,2007,11,58,69,58
"KYE","I",1,40,2,2006,1,2007,2,92,94,89
"KYE","II",6,44,2,2006,1,2007,3,87,90,87
"KYE","III",6,47,2,2006,1,2007,29,63,92,59
"KYE","IV",2,48,2,2006,1,2007,0,89,89,89
"KYE","V",2,51,2,2006,1,2007,9,85,94,80
"KYE","V",3,52,2,2006,1,2007,4,95,99,94
"KYE","V",5,54,2,2006,1,2007,6,92,98,82
"KYE","VI",1,55,2,2006,1,2007,5,90,95,74
"KYE","VI",2,56,2,2006,1,2007,5,91,96,90
"KYE","VI",3,57,2,2006,1,2007,25,72,97,59
"LCE","I",4,41,2,2006,1,2007,13,85,98,73
"LCE","II",6,44,2,2006,1,2007,2,93,95,88
"LCE","III",8,47,2,2006,1,2007,0,93,93,85
"LCE","IV",7,49,2,2006,1,2007,3,53,56,42
"LCE","V",2,51,2,2006,1,2007,3,95,98,78
"LCE","V",3,52,2,2006,1,2007,2,96,98,65
"LCE","V",5,54,2,2006,1,2007,1,94,95,90
"LCE","VI",1,55,2,2006,1,2007,1,94,95,71
"LCE","VI",2,56,2,2006,1,2007,3,91,94,86
"LCE","VI",4,58,2,2006,1,2007,17,31,48,23
"LCW","I",2,41,2,2006,1,2007,36,61,97,60
"LCW","II",5,44,2,2006,1,2007,3,89,92,89
"LCW","III",7,46,2,2006,1,2007,0,98,98,92
"LCW","IV",3,48,2,2006,1,2007,4,94,98,93
"LCW","V",1,50,2,2006,1,2007,0,98,98,85
"LCW","V",2,51,2,2006,1,2007,0,93,93,93
"LCW","V",5,54,2,2006,1,2007,1,97,98,97
"LCW","VI",1,55,2,2006,1,2007,7,87,94,86
"LCW","VI",2,56,2,2006,1,2007,3,96,99,95
"LCW","VI",3,57,2,2006,1,2007,4,92,96,75
"LO","I",3,40,2,2006,1,2007,4,77,81,43
"LO","II",1,43,2,2006,1,2007,23,39,62,27
"LO","III",1,45,2,2006,1,2007,31,10,41,6
"LO","V",2,51,2,2006,1,2007,2,67,69,38
"LO","V",4,53,2,2006,1,2007,12,73,85,48
"LO","V",5,54,2,2006,1,2007,10,55,65,47
"LO","VI",2,56,2,2006,1,2007,11,35,46,29
"LO","VI",3,57,2,2006,1,2007,27,47,74,36
"LO","VI",5,59,2,2006,1,2007,0,91,91,56
"MC","I",4,41,2,2006,1,2007,2,90,92,88
"MC","II",5,42,2,2006,1,2007,1,95,96,91
"MC","III",5,46,2,2006,1,2007,10,87,97,70
"MC","IV",3,48,2,2006,1,2007,0,96,96,94
"MC","V",1,50,2,2006,1,2007,6,81,87,76
"MC","V",2,51,2,2006,1,2007,23,72,95,67
"MC","V",5,54,2,2006,1,2007,2,94,96,82
"MC","VI",2,56,2,2006,1,2007,3,87,90,86
"MC","VI",3,57,2,2006,1,2007,8,60,68,57
"MC","VI",4,58,2,2006,1,2007,4,96,100,90
"OKRE","I",6,42,2,2006,1,2007,14,63,77,52
"OKRE","II",1,43,2,2006,1,2007,1,73,74,63
"OKRE","II",3,44,2,2006,1,2007,2,89,91,71
"OKRE","III",7,46,2,2006,1,2007,1,90,91,81
"OKRE","IV",4,49,2,2006,1,2007,2,88,90,88
"OKRE","V",1,50,2,2006,1,2007,45,30,75,29
"OKRE","V",2,51,2,2006,1,2007,3,90,93,82
"OKRE","V",4,53,2,2006,1,2007,0,88,88,85
"OKRE","VI",1,55,2,2006,1,2007,0,46,46,44
"OKRE","VI",3,57,2,2006,1,2007,5,83,88,83
"OKRE","VI",4,58,2,2006,1,2007,1,87,88,76
"OKRW","I",3,42,2,2006,1,2007,34,61,95,54
"OKRW","II",2,43,2,2006,1,2007,1,98,99,97
"OKRW","III",7,47,2,2006,1,2007,32,36,68,32
"OKRW","IV",1,48,2,2006,1,2007,33,50,83,18
"OKRW","V",1,50,2,2006,1,2007,13,71,84,68
"OKRW","V",2,51,2,2006,1,2007,11,88,99,86
"OKRW","V",4,53,2,2006,1,2007,0,100,100,98
"OKRW","VI",1,55,2,2006,1,2007,12,80,92,78
"OKRW","VI",3,57,2,2006,1,2007,4,83,87,83
"OKRW","VI",4,58,2,2006,1,2007,16,84,100,82
"OSR","I",5,40,2,2006,1,2007,31,57,88,51
"OSR","II",2,43,2,2006,1,2007,29,57,86,51
"OSR","III",8,47,2,2006,1,2007,12,54,66,52
"OSR","IV",3,48,2,2006,1,2007,0,77,77,76
"OSR","V",2,51,2,2006,1,2007,4,88,92,79
"OSR","V",4,53,2,2006,1,2007,33,57,90,53
"OSR","V",5,54,2,2006,1,2007,5,93,98,81
"OSR","VI",1,55,2,2006,1,2007,31,59,90,55
"OSR","VI",3,57,2,2006,1,2007,5,89,94,87
"OSR","VI",5,59,2,2006,1,2007,1,86,87,15
"S22","I",5,40,2,2006,1,2007,8,72,80,59
"S22","II",7,44,2,2006,1,2007,10,86,96,78
"S22","III",4,46,2,2006,1,2007,13,83,96,81
"S22","IV",7,49,2,2006,1,2007,11,74,85,72
"S22","VI",1,50,2,2006,1,2007,8,87,95,87
"S22","VI",4,53,2,2006,1,2007,0,94,94,89
"S22","VI",5,54,2,2006,1,2007,4,90,94,19
"S22","V",1,55,2,2006,1,2007,28,68,96,68
"S22","V",2,56,2,2006,1,2007,10,89,99,89
"S22","V",4,58,2,2006,1,2007,12,79,91,79
"SM","I",4,41,2,2006,1,2007,34,22,56,18
"SM","II",1,42,2,2006,1,2007,14,66,80,61
"SM","III",1,44,2,2006,1,2007,16,76,92,75
"SM","IV",7,49,2,2006,1,2007,5,85,90,60
"SM","V",1,50,2,2006,1,2007,11,76,87,68
"SM","V",3,51,2,2006,1,2007,14,77,91,69
"SM","V",4,53,2,2006,1,2007,0,89,89,67
"SM","VI",1,55,2,2006,1,2007,5,84,89,79
"SM","VI",2,56,2,2006,1,2007,5,82,87,72
"SM","VI",4,58,2,2006,1,2007,34,54,88,44
"URS","I",4,40,2,2006,1,2007,9,88,97,85
"URS","II",1,42,2,2006,1,2007,10,82,92,81
"URS","III",3,46,2,2006,1,2007,4,92,96,79
"URS","IV",8,49,2,2006,1,2007,17,49,66,23
"URS","V",2,51,2,2006,1,2007,13,37,50,21
"URS","V",3,52,2,2006,1,2007,14,74,88,54
"URS","V",4,53,2,2006,1,2007,19,74,93,42
"URS","VI",1,55,2,2006,1,2007,5,73,78,68
"URS","VI",4,58,2,2006,1,2007,0,93,93,81
"BG","I",3,40,2,2006,2,2008,9,12,21,5
"BG","II",5,43,2,2006,2,2008,10,4,14,3
"BG","II",8,44,2,2006,2,2008,9,48,57,40
"BG","III",7,46,2,2006,2,2008,12,27,39,24
"BG","IV",1,47,2,2006,2,2008,1,20,21,16
"BG","IV",3,48,2,2006,2,2008,2,3,5,2
"BG","V",4,53,2,2006,2,2008,0,58,58,50
"BG","V",5,54,2,2006,2,2008,0,62,62,55
"BG","VI",1,55,2,2006,2,2008,3,35,38,34
"BG","VI",2,56,2,2006,2,2008,0,64,64,47
"BR","I",7,41,2,2006,2,2008,0,36,36,23
"BR","II",1,42,2,2006,2,2008,0,92,92,85
"BR","II",4,43,2,2006,2,2008,1,81,82,81
"BR","III",4,45,2,2006,2,2008,1,86,87,75
"BR","III",7,46,2,2006,2,2008,0,95,95,95
"BR","IV",3,48,2,2006,2,2008,0,35,35,16
"BR","V",2,51,2,2006,2,2008,0,75,75,44
"BR","V",5,54,2,2006,2,2008,6,16,22,6
"BR","VI",1,55,2,2006,2,2008,0,68,68,49
"BR","VI",4,58,2,2006,2,2008,32,67,99,46
"CF","I",7,41,2,2006,2,2008,5,74,79,63
"CF","II",3,43,2,2006,2,2008,5,43,48,38
"CF","II",4,44,2,2006,2,2008,0,85,85,74
"CF","III",3,46,2,2006,2,2008,8,31,39,3
"CF","IV",1,47,2,2006,2,2008,8,45,53,43
"CF","IV",5,49,2,2006,2,2008,11,35,46,19
"CF","V",3,52,2,2006,2,2008,3,46,49,5
"CF","V",4,53,2,2006,2,2008,0,87,87,75
"CF","VI",2,56,2,2006,2,2008,0,62,62,49
"CF","VI",4,58,2,2006,2,2008,0,57,57,43
"CP3","I",1,40,2,2006,2,2008,0,45,45,18
"CP3","II",2,42,2,2006,2,2008,0,9,9,9
"CP3","II",4,43,2,2006,2,2008,34,59,93,52
"CP3","III",5,46,2,2006,2,2008,1,61,62,59
"CP3","IV",2,48,2,2006,2,2008,1,19,20,19
"CP3","VI",4,58,2,2006,2,2008,3,34,37,21
"DEM","I",6,42,2,2006,2,2008,10,85,95,51
"DEM","II",3,43,2,2006,2,2008,1,81,82,57
"DEM","III",3,46,2,2006,2,2008,3,77,80,67
"DEM","IV",1,50,2,2006,2,2008,3,3,6,2
"DEM","IV",2,51,2,2006,2,2008,7,82,89,75
"DEM","IV",4,53,2,2006,2,2008,0,92,92,91
"DEM","V",2,56,2,2006,2,2008,0,31,31,29
"DLW","I",5,41,2,2006,2,2008,0,78,78,73
"DLW","II",3,43,2,2006,2,2008,11,21,32,16
"DLW","III",5,45,2,2006,2,2008,6,72,78,70
"DLW","IV",6,47,2,2006,2,2008,7,27,34,24
"DLW","V",2,48,2,2006,2,2008,11,52,63,44
"DLW","VI",2,51,2,2006,2,2008,11,45,56,42
"DLW","VI",5,53,2,2006,2,2008,0,87,87,83
"DLW","VII",3,57,2,2006,2,2008,0,97,97,91
"DLW","VII",4,58,2,2006,2,2008,0,94,94,94
"DLW","VII",5,59,2,2006,2,2008,0,85,85,NA
"EC","I",7,41,2,2006,2,2008,32,32,64,30
"EC","II",3,43,2,2006,2,2008,0,88,88,81
"EC","II",7,44,2,2006,2,2008,1,33,34,26
"EC","III",5,46,2,2006,2,2008,12,24,36,23
"EC","IV",6,48,2,2006,2,2008,1,65,66,2
"EC","IV",7,49,2,2006,2,2008,6,20,26,15
"EC","V",3,52,2,2006,2,2008,5,12,17,9
"EC","V",4,53,2,2006,2,2008,8,66,74,45
"EC","VI",1,55,2,2006,2,2008,11,52,63,43
"EC","VI",3,57,2,2006,2,2008,2,82,84,68
"FR","I",4,41,2,2006,2,2008,3,45,48,42
"FR","I",5,42,2,2006,2,2008,0,70,70,62
"FR","III",1,45,2,2006,2,2008,0,78,78,78
"FR","IV",7,47,2,2006,2,2008,29,39,68,30
"FR","I",6,48,2,2006,2,2008,67,3,70,3
"FR","III",2,49,2,2006,2,2008,0,26,26,24
"FR","V",2,51,2,2006,2,2008,0,84,84,77
"FR","V",4,53,2,2006,2,2008,0,93,93,87
"FR","VI",2,56,2,2006,2,2008,0,85,85,84
"FR","VI",3,57,2,2006,2,2008,0,61,61,60
"GCN","II",6,43,2,2006,2,2008,13,58,71,52
"GCN","III",2,44,2,2006,2,2008,18,4,22,4
"GCN","III",5,45,2,2006,2,2008,2,72,74,70
"GCN","IV",2,47,2,2006,2,2008,0,75,75,60
"GCN","IV",8,49,2,2006,2,2008,1,50,51,46
"GCN","I",4,150,2,2006,2,2008,1,61,62,56
"GCN","V",2,51,2,2006,2,2008,4,19,23,13
"GCN","V",3,52,2,2006,2,2008,0,30,30,27
"GCN","VI",5,59,2,2006,2,2008,3,57,60,43
"KYE","I",3,41,2,2006,2,2008,0,79,79,NA
"KYE","I",6,42,2,2006,2,2008,4,78,82,76
"KYE","II",1,43,2,2006,2,2008,12,7,19,7
"KYE","II",8,45,2,2006,2,2008,8,87,95,20
"KYE","III",2,46,2,2006,2,2008,6,47,53,42
"KYE","IV",5,49,2,2006,2,2008,0,2,2,2
"KYE","V",1,50,2,2006,2,2008,0,51,51,3
"KYE","V",4,53,2,2006,2,2008,2,60,62,53
"KYE","VI",4,58,2,2006,2,2008,0,44,44,29
"KYE","VI",5,59,2,2006,2,2008,3,35,38,27
"LCE","I",2,40,2,2006,2,2008,4,7,11,6
"LCE","I",6,42,2,2006,2,2008,0,11,11,9
"LCE","II",4,43,2,2006,2,2008,0,86,86,79
"LCE","III",3,45,2,2006,2,2008,2,27,29,0
"LCE","IV",4,48,2,2006,2,2008,5,26,31,11
"LCE","V",4,53,2,2006,2,2008,1,8,9,3
"LCE","VI",3,57,2,2006,2,2008,0,7,7,4
"LCW","I",1,40,2,2006,2,2008,2,12,14,NA
"LCW","I",5,42,2,2006,2,2008,14,16,30,9
"LCW","II",1,43,2,2006,2,2008,0,82,82,72
"LCW","III",4,45,2,2006,2,2008,1,89,90,61
"LCW","III",8,47,2,2006,2,2008,0,85,85,NA
"LCW","IV",7,49,2,2006,2,2008,2,82,84,59
"LCW","V",3,52,2,2006,2,2008,0,80,80,80
"LCW","V",4,53,2,2006,2,2008,0,91,91,NA
"LCW","VI",4,58,2,2006,2,2008,6,60,66,44
"LCW","VI",5,59,2,2006,2,2008,1,85,86,85
"LO","I",4,41,2,2006,2,2008,0,60,60,45
"LO","I",7,42,2,2006,2,2008,7,66,73,61
"LO","II",4,44,2,2006,2,2008,0,52,52,52
"LO","III",4,46,2,2006,2,2008,0,49,49,46
"LO","IV",3,47,2,2006,2,2008,0,50,50,44
"LO","IV",6,48,2,2006,2,2008,2,2,4,1
"LO","IV",8,49,2,2006,2,2008,0,16,16,13
"LO","V",1,50,2,2006,2,2008,0,30,30,26
"LO","V",3,52,2,2006,2,2008,0,77,77,67
"LO","VI",1,55,2,2006,2,2008,5,31,36,27
"LO","VI",4,58,2,2006,2,2008,0,74,74,70
"MC","I",1,40,2,2006,2,2008,16,71,87,47
"MC","II",6,43,2,2006,2,2008,2,93,95,61
"MC","II",8,44,2,2006,2,2008,0,22,22,11
"MC","III",2,45,2,2006,2,2008,0,65,65,40
"MC","IV",7,49,2,2006,2,2008,16,20,36,16
"MC","V",3,52,2,2006,2,2008,1,82,83,75
"MC","V",4,53,2,2006,2,2008,8,58,66,44
"MC","VI",1,55,2,2006,2,2008,0,69,69,64
"MC","VI",5,59,2,2006,2,2008,2,84,86,84
"OKRE","I",1,40,2,2006,2,2008,0,87,87,82
"OKRE","I",4,41,2,2006,2,2008,0,80,80,80
"OKRE","III",6,45,2,2006,2,2008,0,68,68,NA
"OKRE","III",8,47,2,2006,2,2008,0,93,93,71
"OKRE","IV",2,48,2,2006,2,2008,9,56,65,51
"OKRE","V",3,52,2,2006,2,2008,3,76,79,63
"OKRE","V",5,54,2,2006,2,2008,8,25,33,21
"OKRE","VI",2,56,2,2006,2,2008,5,73,78,NA
"OKRE","VI",5,59,2,2006,2,2008,0,71,71,71
"OKRW","I",1,40,2,2006,2,2008,0,94,94,91
"OKRW","I",2,41,2,2006,2,2008,5,41,46,38
"OKRW","II",3,44,2,2006,2,2008,1,6,7,6
"OKRW","II",6,45,2,2006,2,2008,0,80,80,36
"OKRW","III",2,46,2,2006,2,2008,0,72,72,62
"OKRW","V",3,52,2,2006,2,2008,9,87,96,78
"OKRW","V",5,54,2,2006,2,2008,14,38,52,31
"OKRW","VI",2,56,2,2006,2,2008,12,35,47,29
"OKRW","VI",5,59,2,2006,2,2008,0,85,85,69
"OSR","I",7,41,2,2006,2,2008,1,64,65,59
"OSR","I",8,42,2,2006,2,2008,71,1,72,1
"OSR","II",3,44,2,2006,2,2008,5,73,78,73
"OSR","III",1,45,2,2006,2,2008,12,16,28,13
"OSR","III",3,46,2,2006,2,2008,10,0,10,NA
"OSR","IV",4,49,2,2006,2,2008,6,43,49,43
"OSR","V",1,50,2,2006,2,2008,10,72,82,17
"OSR","V",3,52,2,2006,2,2008,5,74,79,56
"OSR","VI",2,56,2,2006,2,2008,0,59,59,50
"OSR","VI",4,58,2,2006,2,2008,20,69,89,58
"S22","I",8,41,2,2006,2,2008,14,61,75,56
"S22","I",2,42,2,2006,2,2008,0,93,93,89
"S22","II",3,43,2,2006,2,2008,2,61,63,58
"S22","III",2,45,2,2006,2,2008,8,69,77,63
"S22","III",5,47,2,2006,2,2008,0,87,87,75
"S22","IV",5,48,2,2006,2,2008,0,22,22,21
"S22","VI",2,51,2,2006,2,2008,4,52,56,39
"S22","VI",3,52,2,2006,2,2008,3,81,84,75
"S22","V",3,57,2,2006,2,2008,10,44,54,43
"S22","V",5,59,2,2006,2,2008,3,86,89,86
"SM","I",1,40,2,2006,2,2008,0,17,17,16
"SM","II",3,43,2,2006,2,2008,0,58,58,29
"SM","III",3,45,2,2006,2,2008,0,7,7,4
"SM","III",7,46,2,2006,2,2008,0,39,39,36
"SM","IV",2,47,2,2006,2,2008,0,29,29,20
"SM","IV",3,48,2,2006,2,2008,11,54,65,41
"SM","V",2,52,2,2006,2,2008,6,48,54,42
"SM","V",5,54,2,2006,2,2008,2,27,29,21
"SM","VI",3,57,2,2006,2,2008,0,61,61,56
"SM","VI",5,59,2,2006,2,2008,5,75,80,57
"URS","I",7,41,2,2006,2,2008,0,3,3,3
"URS","II",2,43,2,2006,2,2008,0,93,93,59
"URS","II",7,44,2,2006,2,2008,2,24,26,6
"URS","III",2,45,2,2006,2,2008,0,88,88,80
"URS","IV",3,47,2,2006,2,2008,5,79,84,71
"URS","IV",7,48,2,2006,2,2008,11,47,58,46
"URS","V",1,50,2,2006,2,2008,0,77,77,73
"URS","V",5,54,2,2006,2,2008,0,14,14,NA
"URS","VI",2,56,2,2006,2,2008,40,6,46,6
"URS","VI",3,57,2,2006,2,2008,18,48,66,43
"BG","I",5,61,3,2007,1,2008,32,41,73,37
"BG","V",1,62,3,2007,1,2008,2,75,77,56
"BG","VI",4,63,3,2007,1,2008,31,5,36,4
"BG","I",2,64,3,2007,1,2008,1,49,50,21
"BG","II",4,65,3,2007,1,2008,20,55,75,34
"BG","IV",4,66,3,2007,1,2008,58,14,72,11
"BG","IV",6,67,3,2007,1,2008,3,83,86,77
"BG","III",2,68,3,2007,1,2008,12,65,77,60
"BG","III",1,69,3,2007,1,2008,29,47,76,44
"BG","II",3,70,3,2007,1,2008,23,38,61,36
"BR","IV",6,61,3,2007,1,2008,0,55,55,51
"BR","I",4,62,3,2007,1,2008,10,83,93,73
"BR","I",3,63,3,2007,1,2008,7,63,70,56
"BR","II",7,64,3,2007,1,2008,8,78,86,57
"BR","III",1,65,3,2007,1,2008,34,31,65,26
"BR","IV",4,66,3,2007,1,2008,11,56,67,53
"BR","VI",2,67,3,2007,1,2008,4,85,89,75
"BR","II",6,68,3,2007,1,2008,3,50,53,46
"BR","V",1,69,3,2007,1,2008,35,41,76,19
"BR","III",5,70,3,2007,1,2008,48,46,94,43
"CF","I",3,61,3,2007,1,2008,19,25,44,19
"CF","IV",2,62,3,2007,1,2008,8,38,46,30
"CF","IV",8,63,3,2007,1,2008,0,42,42,35
"CF","VI",5,64,3,2007,1,2008,3,32,35,32
"CF","V",2,65,3,2007,1,2008,18,29,47,19
"CF","III",5,66,3,2007,1,2008,8,40,48,33
"CF","III",2,67,3,2007,1,2008,10,17,27,12
"CF","I",4,68,3,2007,1,2008,4,52,56,48
"CF","II",6,69,3,2007,1,2008,6,91,97,76
"CF","II",7,70,3,2007,1,2008,50,7,57,7
"CP3","III",1,61,3,2007,1,2008,19,11,30,5
"CP3","IV",3,62,3,2007,1,2008,7,88,95,88
"CP3","V",4,63,3,2007,1,2008,19,71,90,66
"CP3","II",6,64,3,2007,1,2008,36,50,86,47
"CP3","I",5,65,3,2007,1,2008,2,91,93,77
"CP3","I",4,66,3,2007,1,2008,18,49,67,49
"CP3","II",5,67,3,2007,1,2008,0,95,95,NA
"CP3","IV",4,68,3,2007,1,2008,23,70,93,65
"CP3","VI",5,69,3,2007,1,2008,5,88,93,88
"CP3","III",6,70,3,2007,1,2008,3,83,86,73
"DEM","III",7,61,3,2007,1,2008,2,61,63,50
"DEM","III",1,62,3,2007,1,2008,2,31,33,21
"DEM","II",2,63,3,2007,1,2008,1,39,40,35
"DEM","I",7,64,3,2007,1,2008,9,23,32,17
"DEM","II",6,65,3,2007,1,2008,9,6,15,2
"DEM","V",5,66,3,2007,1,2008,20,7,27,5
"DEM","V",3,67,3,2007,1,2008,9,16,25,12
"DEM","IV",5,68,3,2007,1,2008,0,46,46,38
"DEM","I",1,69,3,2007,1,2008,18,14,32,9
"DEM","IV",6,70,3,2007,1,2008,14,38,52,36
"DLW","V",3,61,3,2007,1,2008,25,64,89,56
"DLW","III",1,62,3,2007,1,2008,2,75,77,54
"DLW","III",6,63,3,2007,1,2008,13,74,87,72
"DLW","II",4,64,3,2007,1,2008,NA,NA,NA,84
"DLW","VII",2,65,3,2007,1,2008,15,63,78,55
"DLW","V",5,66,3,2007,1,2008,5,86,91,77
"DLW","I",6,67,3,2007,1,2008,0,88,88,86
"DLW","I",4,68,3,2007,1,2008,3,82,85,82
"DLW","VI",3,69,3,2007,1,2008,6,13,19,6
"DLW","IV",2,70,3,2007,1,2008,3,79,82,NA
"EC","IV",2,61,3,2007,1,2008,14,63,77,55
"EC","VI",2,62,3,2007,1,2008,22,18,40,17
"EC","III",4,63,3,2007,1,2008,47,30,77,29
"EC","IV",8,64,3,2007,1,2008,18,64,82,64
"EC","II",1,65,3,2007,1,2008,17,5,22,2
"EC","II",4,66,3,2007,1,2008,11,74,85,69
"EC","I",5,67,3,2007,1,2008,9,65,74,62
"EC","III",7,68,3,2007,1,2008,8,80,88,23
"EC","I",1,69,3,2007,1,2008,48,10,58,10
"EC","V",5,70,3,2007,1,2008,13,78,91,73
"FR","IV",8,61,3,2007,1,2008,0,60,60,40
"FR","I",2,62,3,2007,1,2008,4,81,85,80
"FR","III",5,63,3,2007,1,2008,22,63,85,57
"FR","VI",4,64,3,2007,1,2008,30,33,63,29
"FR","V",1,65,3,2007,1,2008,0,23,23,20
"FR","II",7,66,3,2007,1,2008,0,72,72,62
"FR","II",2,67,3,2007,1,2008,23,23,46,22
"FR","IV",6,68,3,2007,1,2008,4,72,76,61
"FR","I",7,69,3,2007,1,2008,29,34,63,3
"FR","III",3,70,3,2007,1,2008,42,28,70,24
"GCN","I",6,61,3,2007,1,2008,10,68,78,40
"GCN","I",1,62,3,2007,1,2008,6,75,81,68
"GCN","III",4,63,3,2007,1,2008,8,65,73,65
"GCN","VI",4,64,3,2007,1,2008,10,55,65,49
"GCN","III",6,65,3,2007,1,2008,0,49,49,49
"GCN","II",5,66,3,2007,1,2008,15,29,44,27
"GCN","IV",4,67,3,2007,1,2008,11,54,65,51
"GCN","V",5,68,3,2007,1,2008,19,53,72,53
"GCN","II",2,69,3,2007,1,2008,24,24,48,12
"GCN","IV",5,70,3,2007,1,2008,11,70,81,70
"KYE","I",4,61,3,2007,1,2008,27,29,56,19
"KYE","IV",7,62,3,2007,1,2008,0,68,68,61
"KYE","IV",3,63,3,2007,1,2008,5,84,89,57
"KYE","VI",2,64,3,2007,1,2008,15,63,78,58
"KYE","III",3,65,3,2007,1,2008,0,45,45,15
"KYE","V",5,66,3,2007,1,2008,6,89,95,87
"KYE","II",6,67,3,2007,1,2008,0,82,82,80
"KYE","I",1,68,3,2007,1,2008,4,83,87,83
"KYE","III",5,69,3,2007,1,2008,17,71,88,69
"KYE","II",7,70,3,2007,1,2008,2,58,60,49
"LCE","I",1,61,3,2007,1,2008,0,75,75,71
"LCE","I",4,62,3,2007,1,2008,0,74,74,66
"LCE","III",7,63,3,2007,1,2008,3,56,59,53
"LCE","V",2,64,3,2007,1,2008,1,78,79,77
"LCE","IV",7,65,3,2007,1,2008,0,67,67,63
"LCE","III",5,67,3,2007,1,2008,9,38,47,34
"LCE","IV",1,68,3,2007,1,2008,0,34,34,34
"LCE","VI",4,69,3,2007,1,2008,0,50,50,41
"LCE","II",6,70,3,2007,1,2008,6,71,77,64
"LCW","I",6,61,3,2007,1,2008,0,56,56,56
"LCW","IV",1,62,3,2007,1,2008,0,25,25,23
"LCW","IV",6,63,3,2007,1,2008,4,58,62,58
"LCW","I",2,64,3,2007,1,2008,6,53,59,33
"LCW","II",2,65,3,2007,1,2008,0,75,75,NA
"LCW","II",7,66,3,2007,1,2008,20,43,63,NA
"LCW","III",3,67,3,2007,1,2008,0,21,21,NA
"LCW","VI",1,68,3,2007,1,2008,0,15,15,15
"LCW","III",7,69,3,2007,1,2008,20,9,29,NA
"LCW","V",2,70,3,2007,1,2008,4,16,20,NA
"LO","IV",7,61,3,2007,1,2008,2,63,65,52
"LO","III",5,62,3,2007,1,2008,4,46,50,43
"LO","I",2,63,3,2007,1,2008,0,22,22,21
"LO","II",6,64,3,2007,1,2008,3,8,11,4
"LO","V",4,65,3,2007,1,2008,0,65,65,62
"LO","IV",4,66,3,2007,1,2008,0,76,76,66
"LO","III",7,67,3,2007,1,2008,1,74,75,63
"LO","II",3,68,3,2007,1,2008,0,72,72,72
"LO","VI",2,69,3,2007,1,2008,0,59,59,49
"LO","I",3,70,3,2007,1,2008,0,52,52,44
"MC","I",4,61,3,2007,1,2008,0,11,11,11
"MC","I",7,62,3,2007,1,2008,6,75,81,70
"MC","II",5,63,3,2007,1,2008,0,39,39,24
"MC","II",1,64,3,2007,1,2008,2,53,55,45
"MC","III",4,65,3,2007,1,2008,5,2,7,2
"MC","III",5,66,3,2007,1,2008,16,38,54,29
"MC","VI",4,67,3,2007,1,2008,4,15,19,15
"MC","V",2,68,3,2007,1,2008,20,16,36,10
"MC","IV",8,69,3,2007,1,2008,0,65,65,60
"MC","IV",1,70,3,2007,1,2008,0,2,2,1
"OKRE","III",2,61,3,2007,1,2008,0,55,55,52
"OKRE","VI",4,62,3,2007,1,2008,16,15,31,13
"OKRE","I",3,63,3,2007,1,2008,12,23,35,20
"OKRE","III",1,64,3,2007,1,2008,12,26,38,23
"OKRE","IV",4,65,3,2007,1,2008,0,44,44,39
"OKRE","I",5,66,3,2007,1,2008,19,33,52,30
"OKRE","II",5,67,3,2007,1,2008,0,47,47,39
"OKRE","II",3,68,3,2007,1,2008,3,48,51,46
"OKRE","V",4,69,3,2007,1,2008,13,29,42,27
"OKRE","IV",6,70,3,2007,1,2008,21,24,45,22
"OKRW","VI",4,61,3,2007,1,2008,5,32,37,32
"OKRW","III",5,62,3,2007,1,2008,4,35,39,29
"OKRW","II",7,63,3,2007,1,2008,1,0,1,NA
"OKRW","IV",3,64,3,2007,1,2008,9,29,38,27
"OKRW","II",2,65,3,2007,1,2008,22,28,50,NA
"OKRW","IV",5,66,3,2007,1,2008,9,60,69,47
"OKRW","I",3,67,3,2007,1,2008,0,3,3,2
"OKRW","V",2,68,3,2007,1,2008,3,48,51,43
"OKRW","I",4,69,3,2007,1,2008,5,36,41,31
"OKRW","III",7,70,3,2007,1,2008,0,45,45,42
"OSR","IV",6,61,3,2007,1,2008,15,5,20,4
"OSR","V",4,62,3,2007,1,2008,4,83,87,79
"OSR","I",3,63,3,2007,1,2008,8,61,69,56
"OSR","II",7,64,3,2007,1,2008,41,12,53,10
"OSR","I",6,65,3,2007,1,2008,0,54,54,47
"OSR","IV",3,66,3,2007,1,2008,34,41,75,41
"OSR","III",8,67,3,2007,1,2008,4,65,69,65
"OSR","VI",1,68,3,2007,1,2008,7,65,72,55
"OSR","III",5,69,3,2007,1,2008,10,80,90,72
"OSR","II",2,70,3,2007,1,2008,31,50,81,50
"S22","I",7,61,3,2007,1,2008,21,28,49,28
"S22","V",1,62,3,2007,1,2008,16,28,44,28
"S22","II",5,63,3,2007,1,2008,25,18,43,18
"S22","VI",5,64,3,2007,1,2008,45,25,70,23
"S22","III",7,65,3,2007,1,2008,13,58,71,55
"S22","IV",4,66,3,2007,1,2008,27,21,48,12
"S22","III",1,67,3,2007,1,2008,39,17,56,14
"S22","IV",6,68,3,2007,1,2008,24,10,34,9
"S22","I",3,69,3,2007,1,2008,28,14,42,9
"S22","II",7,70,3,2007,1,2008,8,40,48,40
"SM","III",1,61,3,2007,1,2008,14,23,37,15
"SM","VI",2,62,3,2007,1,2008,0,13,13,8
"SM","I",4,63,3,2007,1,2008,6,4,10,4
"SM","III",5,64,3,2007,1,2008,37,7,44,4
"SM","IV",7,66,3,2007,1,2008,11,25,36,19
"SM","I",3,67,3,2007,1,2008,7,50,57,30
"SM","II",1,68,3,2007,1,2008,0,48,48,17
"SM","II",5,69,3,2007,1,2008,29,12,41,7
"SM","V",1,70,3,2007,1,2008,0,29,29,23
"URS","I",2,61,3,2007,1,2008,0,51,51,51
"URS","VI",1,62,3,2007,1,2008,5,54,59,47
"URS","I",4,63,3,2007,1,2008,6,41,47,39
"URS","V",4,64,3,2007,1,2008,3,57,60,57
"URS","II",5,65,3,2007,1,2008,4,67,71,NA
"URS","II",6,66,3,2007,1,2008,0,69,69,62
"URS","IV",8,67,3,2007,1,2008,0,65,65,58
"URS","III",3,68,3,2007,1,2008,10,6,16,3
"URS","IV",2,69,3,2007,1,2008,0,52,52,51
"URS","III",4,70,3,2007,1,2008,0,52,52,51
